<document>
  <category name="%{BKY_CATLOGIC}" colour="%{BKY_LOGIC_HUE}">
      <block type="controls_if"></block>
      <block type="logic_compare"></block>
      <block type="logic_operation"></block>
      <block type="logic_negate"></block>
      <block type="logic_boolean"></block>
      <block type="logic_null"></block>
      <block type="logic_ternary"></block>
    </category>
    <category name="%{BKY_CATLOOPS}" colour="%{BKY_LOOPS_HUE}">
      <block type="controls_repeat_ext">
        <value name="TIMES">
          <shadow type="math_number">
            <field name="NUM">10</field>
          </shadow>
        </value>
      </block>
      <block type="controls_whileUntil"></block>
      <block type="controls_for">
        <value name="FROM">
          <shadow type="math_number">
            <field name="NUM">1</field>
          </shadow>
        </value>
        <value name="TO">
          <shadow type="math_number">
            <field name="NUM">10</field>
          </shadow>
        </value>
        <value name="BY">
          <shadow type="math_number">
            <field name="NUM">1</field>
          </shadow>
        </value>
      </block>
      <block type="controls_forEach"></block>
      <block type="controls_flow_statements"></block>
    </category>
    <category name="%{BKY_CATMATH}" colour="%{BKY_MATH_HUE}">
      <block type="math_number">
        <field name="NUM">123</field>
      </block>
      <block type="math_arithmetic">
        <value name="A">
          <shadow type="math_number">
            <field name="NUM">1</field>
          </shadow>
        </value>
        <value name="B">
          <shadow type="math_number">
            <field name="NUM">1</field>
          </shadow>
        </value>
      </block>
      <block type="math_single">
        <value name="NUM">
          <shadow type="math_number">
            <field name="NUM">9</field>
          </shadow>
        </value>
      </block>
      <block type="math_trig">
        <value name="NUM">
          <shadow type="math_number">
            <field name="NUM">45</field>
          </shadow>
        </value>
      </block>
      <block type="math_constant"></block>
      <block type="math_number_property">
        <value name="NUMBER_TO_CHECK">
          <shadow type="math_number">
            <field name="NUM">0</field>
          </shadow>
        </value>
      </block>
      <block type="math_round">
        <value name="NUM">
          <shadow type="math_number">
            <field name="NUM">3.1</field>
          </shadow>
        </value>
      </block>
      <block type="math_on_list"></block>
      <block type="math_modulo">
        <value name="DIVIDEND">
          <shadow type="math_number">
            <field name="NUM">64</field>
          </shadow>
        </value>
        <value name="DIVISOR">
          <shadow type="math_number">
            <field name="NUM">10</field>
          </shadow>
        </value>
      </block>
      <block type="math_constrain">
        <value name="VALUE">
          <shadow type="math_number">
            <field name="NUM">50</field>
          </shadow>
        </value>
        <value name="LOW">
          <shadow type="math_number">
            <field name="NUM">1</field>
          </shadow>
        </value>
        <value name="HIGH">
          <shadow type="math_number">
            <field name="NUM">100</field>
          </shadow>
        </value>
      </block>
      <block type="math_random_int">
        <value name="FROM">
          <shadow type="math_number">
            <field name="NUM">1</field>
          </shadow>
        </value>
        <value name="TO">
          <shadow type="math_number">
            <field name="NUM">100</field>
          </shadow>
        </value>
      </block>
      <block type="math_random_float"></block>
      <block type="var_to_int">  
        <field name="VAR">to int</field>
      </block>
    </category>
    <category name="%{BKY_CATTEXT}" colour="%{BKY_TEXTS_HUE}">
      <block type="text"></block>
      <block type="text_join"></block>
      <block type="text_append">
        <value name="TEXT">
          <shadow type="text"></shadow>
        </value>
      </block>
      <block type="text_length">
        <value name="VALUE">
          <shadow type="text">
            <field name="TEXT">abc</field>
          </shadow>
        </value>
      </block>
      <block type="text_isEmpty">
        <value name="VALUE">
          <shadow type="text">
            <field name="TEXT"></field>
          </shadow>
        </value>
      </block>
      <block type="text_indexOf">
        <value name="VALUE">
          <block type="variables_get">
            <field name="VAR">{textVariable}</field>
          </block>
        </value>
        <value name="FIND">
          <shadow type="text">
            <field name="TEXT">abc</field>
          </shadow>
        </value>
      </block>
      <block type="text_charAt">
        <value name="VALUE">
          <block type="variables_get">
            <field name="VAR">{textVariable}</field>
          </block>
        </value>
      </block>
      <block type="text_getSubstring">
        <value name="STRING">
          <block type="variables_get">
            <field name="VAR">{textVariable}</field>
          </block>
        </value>
      </block>
      <block type="text_changeCase">
        <value name="TEXT">
          <shadow type="text">
            <field name="TEXT">abc</field>
          </shadow>
        </value>
      </block>
      <block type="text_trim">
        <value name="TEXT">
          <shadow type="text">
            <field name="TEXT">abc</field>
          </shadow>
        </value>
      </block>
      <block type="text_print">
        <value name="TEXT">
          <shadow type="text">
            <field name="TEXT">abc</field>
          </shadow>
        </value>
      </block>
      <block type="text_prompt_ext">
        <value name="TEXT">
          <shadow type="text">
            <field name="TEXT">abc</field>
          </shadow>
        </value>
      </block>
      <block type="text_to_str">  
        <field name="VAR">to str</field>
      </block>
    </category>
    <category name="%{BKY_CATLISTS}" colour="%{BKY_LISTS_HUE}">
      <block type="lists_create_with">
        <mutation items="0"></mutation>
      </block>
      <block type="lists_create_with"></block>
      <block type="lists_repeat">
        <value name="NUM">
          <shadow type="math_number">
            <field name="NUM">5</field>
          </shadow>
        </value>
      </block>
      <block type="lists_length"></block>
      <block type="lists_isEmpty"></block>
      <block type="lists_indexOf">
        <value name="VALUE">
          <block type="variables_get">
            <field name="VAR">{listVariable}</field>
          </block>
        </value>
      </block>
      <block type="lists_getIndex">
        <value name="VALUE">
          <block type="variables_get">
            <field name="VAR">{listVariable}</field>
          </block>
        </value>
      </block>
      <block type="lists_setIndex">
        <value name="LIST">
          <block type="variables_get">
            <field name="VAR">{listVariable}</field>
          </block>
        </value>
      </block>
      <block type="lists_getSublist">
        <value name="LIST">
          <block type="variables_get">
            <field name="VAR">{listVariable}</field>
          </block>
        </value>
      </block>
      <block type="lists_split">
        <value name="DELIM">
          <shadow type="text">
            <field name="TEXT">,</field>
          </shadow>
        </value>
      </block>
      <block type="lists_sort"></block>
    </category>

    <sep></sep>
    <category name="%{BKY_CATVARIABLES}" colour="%{BKY_VARIABLES_HUE}" custom="VARIABLE"></category>
    <category name="%{BKY_CATFUNCTIONS}" colour="%{BKY_PROCEDURES_HUE}" custom="PROCEDURE"></category>

    <sep></sep>

   <category name="BIPES">
    <block type="project_metadata">
      <field name="NAME">Project INFO</field>
      <value name="project_author">
        <shadow type="text">
          <field name="TEXT"></field>
        </shadow>
      </value>
      <value name="project_iot_id">
        <shadow type="math_number">
          <field name="NUM"></field>
        </shadow>
      </value>
      <value name="project_description">
        <shadow type="text">
          <field name="TEXT"></field>
        </shadow>
      </value>
    </block>

    <block type="bipes_plot">
    </block>
   </category>

    <sep></sep>
    <!--
    <category name="Python" colour="%{BKY_LOGIC_HUE}">
    <category name="Machine" colour="%{BKY_VARIABLES_HUE}">
    -->

  <category name="Python">
      <label text="Python"></label>
    <block type="exec_python">
  <value name="command">
        <shadow type="text">
          <field name="TEXT"></field>
        </shadow>
      </value>

    
    </block>

    <block type="exec_python_output">
      <field name="EXEC_PYTHON_OUTPUT">Execute Python custom with output</field>
  <value name="commnad">
        <shadow type="text">
          <field name="TEXT"></field>
        </shadow>
      </value>

    </block>
  </category>


  <category name="Timing">
    <label text="Snek Timing"></label>
    <block type="snek_delay">
       <value name="time">
        <shadow type="math_number">
          <field name="NUM">1</field>
        </shadow>
      </value>
    </block>
    <block type="snek_uptime"></block>
  </category>
    
  <category name="In/Out Pins">
    <label text="Snek GPIO Pins"></label>
    <block type="pinout"></block>

    <block type="snek_gpio_set">
      <value name="pin">
        <shadow type="pinout">
          <field name="PIN"></field>
        </shadow>
      </value>
      <value name="value">
        <shadow type="logic_boolean">
          <field name="BOOL"></field>
        </shadow>
      </value>
    </block>

    <block type="snek_gpio_get">
      <value name="pin">
        <shadow type="pinout">
          <field name="PIN"></field>
        </shadow>
      </value>
    </block>

    <block type="snek_adc">
     <value name="pin">
        <shadow type="pinout">
          <field name="PIN"></field>
        </shadow>
      </value>
     </block>

    <block type="snek_setpower">
      <value name="pin">
        <shadow type="pinout">
          <field name="PIN"></field>
        </shadow>
      </value>
      <value name="frequency">
        <shadow type="math_number">
          <field name="NUM">1000</field>
        </shadow>
      </value>
      <value name="duty">
        <shadow type="math_number">
          <field name="NUM">50</field>
        </shadow>
      </value>
    </block>
  </category>

  <category name="RC Servo Motor">
      <label text="Snek RC Servo Motor"></label>
    <block type="snek_servo_move">
      <value name="pin">
          <shadow type="pinout">
            <field name="PIN"></field>
          </shadow>
        </value>
      <value name="angle">
        <shadow type="math_number">
          <field name="NUM">90</field>
        </shadow>
      </value>
    </block>
  </category>
</document>
